method	builder	n	n_failed	FN_mean	FN_median	RF_mean	RF_median	nRF_mean
skani	BIONJ*	60	25	0.0	0.0	0.0	0.0	0.0
gdiff	BIONJ*	85	0	0.3176470588235294	0.0	0.6352941176470588	0.0	0.026470588235294117
dashing2	BIONJ*	73	12	0.3287671232876712	0.0	0.6575342465753424	0.0	0.0273972602739726
fastani	BIONJ*	85	0	0.4235294117647059	0.0	0.8470588235294118	0.0	0.03529411764705882
mash	BIONJ*	85	0	1.1647058823529413	0.0	2.3294117647058825	0.0	0.09705882352941177
skani	NJ*	60	25	0.0	0.0	0.0	0.0	0.0
gdiff	NJ*	85	0	0.29411764705882354	0.0	0.5882352941176471	0.0	0.024509803921568627
dashing2	NJ*	73	12	0.3424657534246575	0.0	0.684931506849315	0.0	0.028538812785388126
fastani	NJ*	85	0	0.4235294117647059	0.0	0.8470588235294118	0.0	0.03529411764705882
mash	NJ*	85	0	1.1058823529411765	0.0	2.211764705882353	0.0	0.09215686274509804
