rate	method	builder	n	nRF_mean	nRF_sd	FN_mean
0.0000	gdiff	NJ*	5	0.0	0.0	0.0
0.0005	gdiff	NJ*	5	0.0	0.0	0.0
0.0010	gdiff	NJ*	5	0.0	0.0	0.0
0.0020	gdiff	NJ*	5	0.0	0.0	0.0
0.0000	gdiff	BIONJ*	5	0.0	0.0	0.0
0.0005	gdiff	BIONJ*	5	0.0	0.0	0.0
0.0010	gdiff	BIONJ*	5	0.0	0.0	0.0
0.0020	gdiff	BIONJ*	5	0.0	0.0	0.0
0.0000	fastani	NJ*	5	0.0	0.0	0.0
0.0005	fastani	NJ*	5	0.0	0.0	0.0
0.0010	fastani	NJ*	5	0.0	0.0	0.0
0.0020	fastani	NJ*	5	0.0	0.0	0.0
0.0000	fastani	BIONJ*	5	0.0	0.0	0.0
0.0005	fastani	BIONJ*	5	0.0	0.0	0.0
0.0010	fastani	BIONJ*	5	0.0	0.0	0.0
0.0020	fastani	BIONJ*	5	0.0	0.0	0.0
0.0000	mash	NJ*	5	0.016666666666666666	0.03726779962499649	0.2
0.0005	mash	NJ*	5	0.0	0.0	0.0
0.0010	mash	NJ*	5	0.0	0.0	0.0
0.0020	mash	NJ*	5	0.0	0.0	0.0
0.0000	mash	BIONJ*	5	0.016666666666666666	0.03726779962499649	0.2
0.0005	mash	BIONJ*	5	0.0	0.0	0.0
0.0010	mash	BIONJ*	5	0.0	0.0	0.0
0.0020	mash	BIONJ*	5	0.0	0.0	0.0
0.0000	skani	NJ*	5	0.0	0.0	0.0
0.0005	skani	NJ*	5	0.0	0.0	0.0
0.0010	skani	NJ*	5	0.0	0.0	0.0
0.0020	skani	NJ*	5	0.0	0.0	0.0
0.0000	skani	BIONJ*	5	0.0	0.0	0.0
0.0005	skani	BIONJ*	5	0.0	0.0	0.0
0.0010	skani	BIONJ*	5	0.0	0.0	0.0
0.0020	skani	BIONJ*	5	0.0	0.0	0.0
0.0000	dashing2	NJ*	5	0.0	0.0	0.0
0.0005	dashing2	NJ*	5	0.0	0.0	0.0
0.0010	dashing2	NJ*	5	0.0	0.0	0.0
0.0020	dashing2	NJ*	5	0.0	0.0	0.0
0.0000	dashing2	BIONJ*	5	0.0	0.0	0.0
0.0005	dashing2	BIONJ*	5	0.0	0.0	0.0
0.0010	dashing2	BIONJ*	5	0.0	0.0	0.0
0.0020	dashing2	BIONJ*	5	0.0	0.0	0.0
