study	method	builder	n	nRF_mean	FN_mean
mutation	gdiff	NJ*	45	0.04444444444444444	0.5333333333333333
duplication	gdiff	NJ*	20	0.0	0.0
lgt	gdiff	NJ*	20	0.004166666666666667	0.05
mutation	gdiff	BIONJ*	45	0.04814814814814815	0.5777777777777777
duplication	gdiff	BIONJ*	20	0.0	0.0
lgt	gdiff	BIONJ*	20	0.004166666666666667	0.05
mutation	fastani	NJ*	45	0.06666666666666667	0.8
duplication	fastani	NJ*	20	0.0	0.0
lgt	fastani	NJ*	20	0.0	0.0
mutation	fastani	BIONJ*	45	0.06666666666666667	0.8
duplication	fastani	BIONJ*	20	0.0	0.0
lgt	fastani	BIONJ*	20	0.0	0.0
mutation	mash	NJ*	45	0.1685185185185185	2.022222222222222
duplication	mash	NJ*	20	0.004166666666666667	0.05
lgt	mash	NJ*	20	0.008333333333333333	0.1
mutation	mash	BIONJ*	45	0.17592592592592593	2.111111111111111
duplication	mash	BIONJ*	20	0.004166666666666667	0.05
lgt	mash	BIONJ*	20	0.012499999999999999	0.15
mutation	skani	NJ*	20	0.0	0.0
duplication	skani	NJ*	20	0.0	0.0
lgt	skani	NJ*	20	0.0	0.0
mutation	skani	BIONJ*	20	0.0	0.0
duplication	skani	BIONJ*	20	0.0	0.0
lgt	skani	BIONJ*	20	0.0	0.0
mutation	dashing2	NJ*	33	0.06060606060606061	0.7272727272727273
duplication	dashing2	NJ*	20	0.0	0.0
lgt	dashing2	NJ*	20	0.004166666666666667	0.05
mutation	dashing2	BIONJ*	33	0.05808080808080808	0.696969696969697
duplication	dashing2	BIONJ*	20	0.0	0.0
lgt	dashing2	BIONJ*	20	0.004166666666666667	0.05
