SE001.fa	SE001.fa	100.0000
SE001.fa	SE002.fa	91.7600
SE001.fa	SE003.fa	90.5200
SE001.fa	SE004.fa	91.3300
SE001.fa	SE005.fa	91.7500
SE001.fa	SE006.fa	95.1300
SE001.fa	SE007.fa	90.5700
SE001.fa	SE008.fa	95.0300
SE001.fa	SE009.fa	94.7200
SE001.fa	SE010.fa	90.3100
SE001.fa	SE011.fa	95.1900
SE001.fa	SE012.fa	91.9500
SE001.fa	SE013.fa	94.7600
SE001.fa	SE014.fa	98.1200
SE001.fa	SE015.fa	90.3800
SE002.fa	SE001.fa	91.7600
SE002.fa	SE002.fa	100.0000
SE002.fa	SE003.fa	92.0300
SE002.fa	SE004.fa	94.3600
SE002.fa	SE005.fa	95.0200
SE002.fa	SE006.fa	92.7500
SE002.fa	SE007.fa	93.6400
SE002.fa	SE008.fa	92.6400
SE002.fa	SE009.fa	92.3900
SE002.fa	SE010.fa	93.1800
SE002.fa	SE011.fa	92.8200
SE002.fa	SE012.fa	99.4000
SE002.fa	SE013.fa	92.4300
SE002.fa	SE014.fa	91.6100
SE002.fa	SE015.fa	93.2600
SE003.fa	SE001.fa	90.5200
SE003.fa	SE002.fa	92.0300
SE003.fa	SE003.fa	100.0000
SE003.fa	SE004.fa	91.5700
SE003.fa	SE005.fa	92.0200
SE003.fa	SE006.fa	91.4700
SE003.fa	SE007.fa	90.8000
SE003.fa	SE008.fa	91.3500
SE003.fa	SE009.fa	91.1100
SE003.fa	SE010.fa	90.5600
SE003.fa	SE011.fa	91.5100
SE003.fa	SE012.fa	92.2200
SE003.fa	SE013.fa	91.1400
SE003.fa	SE014.fa	90.3900
SE003.fa	SE015.fa	90.6100
SE004.fa	SE001.fa	91.3300
SE004.fa	SE002.fa	94.3600
SE004.fa	SE003.fa	91.5700
SE004.fa	SE004.fa	100.0000
SE004.fa	SE005.fa	94.3600
SE004.fa	SE006.fa	92.2800
SE004.fa	SE007.fa	93.0200
SE004.fa	SE008.fa	92.1900
SE004.fa	SE009.fa	91.9300
SE004.fa	SE010.fa	95.0200
SE004.fa	SE011.fa	92.3400
SE004.fa	SE012.fa	94.6000
SE004.fa	SE013.fa	91.9700
SE004.fa	SE014.fa	91.1800
SE004.fa	SE015.fa	95.0900
SE005.fa	SE001.fa	91.7500
SE005.fa	SE002.fa	95.0200
SE005.fa	SE003.fa	92.0200
SE005.fa	SE004.fa	94.3600
SE005.fa	SE005.fa	100.0000
SE005.fa	SE006.fa	92.7400
SE005.fa	SE007.fa	94.4200
SE005.fa	SE008.fa	92.6600
SE005.fa	SE009.fa	92.3900
SE005.fa	SE010.fa	93.1700
SE005.fa	SE011.fa	92.8100
SE005.fa	SE012.fa	95.2800
SE005.fa	SE013.fa	92.4200
SE005.fa	SE014.fa	91.6200
SE005.fa	SE015.fa	93.2500
SE006.fa	SE001.fa	95.1300
SE006.fa	SE002.fa	92.7500
SE006.fa	SE003.fa	91.4700
SE006.fa	SE004.fa	92.2800
SE006.fa	SE005.fa	92.7400
SE006.fa	SE006.fa	100.0000
SE006.fa	SE007.fa	91.5100
SE006.fa	SE008.fa	96.6900
SE006.fa	SE009.fa	97.3200
SE006.fa	SE010.fa	91.1800
SE006.fa	SE011.fa	96.8700
SE006.fa	SE012.fa	92.9500
SE006.fa	SE013.fa	97.3600
SE006.fa	SE014.fa	94.9500
SE006.fa	SE015.fa	91.2600
SE007.fa	SE001.fa	90.5700
SE007.fa	SE002.fa	93.6400
SE007.fa	SE003.fa	90.8000
SE007.fa	SE004.fa	93.0200
SE007.fa	SE005.fa	94.4200
SE007.fa	SE006.fa	91.5100
SE007.fa	SE007.fa	100.0000
SE007.fa	SE008.fa	91.4200
SE007.fa	SE009.fa	91.1900
SE007.fa	SE010.fa	91.9000
SE007.fa	SE011.fa	91.5700
SE007.fa	SE012.fa	93.8700
SE007.fa	SE013.fa	91.2200
SE007.fa	SE014.fa	90.4300
SE007.fa	SE015.fa	91.9700
SE008.fa	SE001.fa	95.0300
SE008.fa	SE002.fa	92.6400
SE008.fa	SE003.fa	91.3500
SE008.fa	SE004.fa	92.1900
SE008.fa	SE005.fa	92.6600
SE008.fa	SE006.fa	96.6900
SE008.fa	SE007.fa	91.4200
SE008.fa	SE008.fa	100.0000
SE008.fa	SE009.fa	96.2400
SE008.fa	SE010.fa	91.1200
SE008.fa	SE011.fa	98.2000
SE008.fa	SE012.fa	92.8500
SE008.fa	SE013.fa	96.2900
SE008.fa	SE014.fa	94.8400
SE008.fa	SE015.fa	91.1900
SE009.fa	SE001.fa	94.7200
SE009.fa	SE002.fa	92.3900
SE009.fa	SE003.fa	91.1100
SE009.fa	SE004.fa	91.9300
SE009.fa	SE005.fa	92.3900
SE009.fa	SE006.fa	97.3200
SE009.fa	SE007.fa	91.1900
SE009.fa	SE008.fa	96.2400
SE009.fa	SE009.fa	100.0000
SE009.fa	SE010.fa	90.8800
SE009.fa	SE011.fa	96.4100
SE009.fa	SE012.fa	92.5900
SE009.fa	SE013.fa	99.8700
SE009.fa	SE014.fa	94.5500
SE009.fa	SE015.fa	90.9500
SE010.fa	SE001.fa	90.3100
SE010.fa	SE002.fa	93.1800
SE010.fa	SE003.fa	90.5600
SE010.fa	SE004.fa	95.0200
SE010.fa	SE005.fa	93.1700
SE010.fa	SE006.fa	91.1800
SE010.fa	SE007.fa	91.9000
SE010.fa	SE008.fa	91.1200
SE010.fa	SE009.fa	90.8800
SE010.fa	SE010.fa	100.0000
SE010.fa	SE011.fa	91.2500
SE010.fa	SE012.fa	93.3800
SE010.fa	SE013.fa	90.9100
SE010.fa	SE014.fa	90.1600
SE010.fa	SE015.fa	99.4700
SE011.fa	SE001.fa	95.1900
SE011.fa	SE002.fa	92.8200
SE011.fa	SE003.fa	91.5100
SE011.fa	SE004.fa	92.3400
SE011.fa	SE005.fa	92.8100
SE011.fa	SE006.fa	96.8700
SE011.fa	SE007.fa	91.5700
SE011.fa	SE008.fa	98.2000
SE011.fa	SE009.fa	96.4100
SE011.fa	SE010.fa	91.2500
SE011.fa	SE011.fa	100.0000
SE011.fa	SE012.fa	93.0200
SE011.fa	SE013.fa	96.4600
SE011.fa	SE014.fa	95.0100
SE011.fa	SE015.fa	91.3200
SE012.fa	SE001.fa	91.9500
SE012.fa	SE002.fa	99.4000
SE012.fa	SE003.fa	92.2200
SE012.fa	SE004.fa	94.6000
SE012.fa	SE005.fa	95.2800
SE012.fa	SE006.fa	92.9500
SE012.fa	SE007.fa	93.8700
SE012.fa	SE008.fa	92.8500
SE012.fa	SE009.fa	92.5900
SE012.fa	SE010.fa	93.3800
SE012.fa	SE011.fa	93.0200
SE012.fa	SE012.fa	100.0000
SE012.fa	SE013.fa	92.6300
SE012.fa	SE014.fa	91.8100
SE012.fa	SE015.fa	93.4700
SE013.fa	SE001.fa	94.7600
SE013.fa	SE002.fa	92.4300
SE013.fa	SE003.fa	91.1400
SE013.fa	SE004.fa	91.9700
SE013.fa	SE005.fa	92.4200
SE013.fa	SE006.fa	97.3600
SE013.fa	SE007.fa	91.2200
SE013.fa	SE008.fa	96.2900
SE013.fa	SE009.fa	99.8700
SE013.fa	SE010.fa	90.9100
SE013.fa	SE011.fa	96.4600
SE013.fa	SE012.fa	92.6300
SE013.fa	SE013.fa	100.0000
SE013.fa	SE014.fa	94.5900
SE013.fa	SE015.fa	90.9800
SE014.fa	SE001.fa	98.1200
SE014.fa	SE002.fa	91.6100
SE014.fa	SE003.fa	90.3900
SE014.fa	SE004.fa	91.1800
SE014.fa	SE005.fa	91.6200
SE014.fa	SE006.fa	94.9500
SE014.fa	SE007.fa	90.4300
SE014.fa	SE008.fa	94.8400
SE014.fa	SE009.fa	94.5500
SE014.fa	SE010.fa	90.1600
SE014.fa	SE011.fa	95.0100
SE014.fa	SE012.fa	91.8100
SE014.fa	SE013.fa	94.5900
SE014.fa	SE014.fa	100.0000
SE014.fa	SE015.fa	90.2400
SE015.fa	SE001.fa	90.3800
SE015.fa	SE002.fa	93.2600
SE015.fa	SE003.fa	90.6100
SE015.fa	SE004.fa	95.0900
SE015.fa	SE005.fa	93.2500
SE015.fa	SE006.fa	91.2600
SE015.fa	SE007.fa	91.9700
SE015.fa	SE008.fa	91.1900
SE015.fa	SE009.fa	90.9500
SE015.fa	SE010.fa	99.4700
SE015.fa	SE011.fa	91.3200
SE015.fa	SE012.fa	93.4700
SE015.fa	SE013.fa	90.9800
SE015.fa	SE014.fa	90.2400
SE015.fa	SE015.fa	100.0000
